name;descriptor;nomenclature;abb;nameTraits;layer;lifeform;lifeformEllenberg;ldmc;height;seedmass;l;f;n;flood;chwet;legal;rlg;rlb;neophyte;continuity;sociality
Acer_pseudoplatanus;L.;PL;Acerpseu;Acer_pseudoplatanus;t;wood;P;NA;NA;NA;NA;6;7;no;no;NA;NA;NA;no;6;NA
Alnus_incana;(L.) Moench;PL;Alnuinca;Alnus_incana;t;wood;P;NA;NA;NA;NA;7;x;yes;no;NA;NA;NA;no;15;NA
Cornus_sanguinea;L.;PL;Cornsang;Cornus_sanguinea;t;wood;N;NA;NA;NA;7;5;x;no;no;NA;NA;NA;no;2;NA
Crataegus_monogyna;Jacq.;PL;Cratmono;Crataegus_monogyna;t;wood;N,P;NA;NA;NA;7;4;4;no;no;NA;NA;NA;no;1;NA
Euonymus_europaeus;L.;PL;Euoneuro;Euonymus_europaeus;t;wood;N;NA;NA;NA;6;5;5;no;no;NA;NA;NA;no;1;NA
Fraxinus_excelsior;L.;PL;Fraxexce;Fraxinus_excelsior;t;wood;P;NA;NA;NA;NA;x;7;no;no;NA;NA;NA;no;13;NA
Lonicera_xylosteum;L.;PL;Lonixylo;Lonicera_xylosteum;t;wood;N;NA;NA;NA;5;5;6;no;no;NA;NA;NA;no;1;NA
Picea_abies;(L.) H.Karst.;PL;Piceabie;Picea_abies;t;wood;P;NA;NA;NA;NA;x;x;no;no;NA;NA;NA;no;3;NA
Prunus_padus;L.;PL;Prunpadu;Prunus_padus;t;wood;P,N;NA;NA;NA;NA;8;6;yes;no;NA;NA;NA;no;1;NA
Salix_alba;L.;PL;Salialba;Salix_alba;t;wood;P;NA;NA;NA;NA;8;7;yes;no;NA;NA;NA;no;3;NA
Salix_alba_x_eleagnos;na;PL;Salialxel;Salix_alba_x_eleagnos;t;wood;NA;NA;NA;NA;NA;NA;NA;no;no;NA;NA;NA;NA;5;NA
Salix_eleagnos;Scop.;PL;Salielea;Salix_eleagnos;t;wood;N;NA;NA;NA;7;7;4;no;yes;NA;NA;NA;no;2;NA
Ulmus_glabra;Huds.;PL;Ulmuglab;Ulmus_glabra;t;wood;P;NA;NA;NA;NA;6;7;no;no;NA;NA;NA;no;7;NA
Acer_pseudoplatanus;L.;PL;Acerpseu;Acer_pseudoplatanus;s;wood;P;NA;NA;NA;4;6;7;no;no;NA;NA;NA;no;5;NA
Alnus_incana;(L.) Moench;PL;Alnuinca;Alnus_incana;s;wood;P;NA;NA;NA;6;7;x;yes;no;NA;NA;NA;no;8;NA
Cornus_sanguinea;L.;PL;Cornsang;Cornus_sanguinea;s;wood;N;NA;NA;NA;7;5;x;no;no;NA;NA;NA;no;12;NA
Corylus_avellana;L.;PL;Coryavel;Corylus_avellana;s;wood;N;NA;NA;NA;6;x;5;no;no;NA;NA;NA;no;1;NA
Crataegus_monogyna;Jacq.;PL;Cratmono;Crataegus_monogyna;s;wood;N,P;NA;NA;NA;7;4;4;no;no;NA;NA;NA;no;7;NA
Daphne_mezereum;L.;PL;Daphmeze;Daphne_mezereum;s;wood;N,Z;NA;NA;NA;4;5;5;no;no;BG;NA;NA;no;1;NA
Fraxinus_excelsior;L.;PL;Fraxexce;Fraxinus_excelsior;s;wood;P;NA;NA;NA;4;x;7;no;no;NA;NA;NA;no;10;NA
Ligustrum_vulgare;L.;PL;Liguvulg;Ligustrum_vulgare;s;wood;N;NA;NA;NA;7;4;3;no;no;NA;NA;NA;no;5;NA
Lonicera_xylosteum;L.;PL;Lonixylo;Lonicera_xylosteum;s;wood;N;NA;NA;NA;5;5;6;no;no;NA;NA;NA;no;15;NA
Picea_abies;(L.) H.Karst.;PL;Piceabie;Picea_abies;s;wood;P;NA;NA;NA;5;x;x;no;no;NA;NA;NA;no;3;NA
Prunus_padus;L.;PL;Prunpadu;Prunus_padus;s;wood;P,N;NA;NA;NA;5;8;6;yes;no;NA;NA;NA;no;6;NA
Salix_daphnoides;Vill.;PL;Salidaph;Salix_daphnoides;s;wood;P,N;NA;NA;NA;6;8;4;no;yes;NA;2;3;no;1;NA
Salix_eleagnos;Scop.;PL;Salielea;Salix_eleagnos;s;wood;N;NA;NA;NA;7;7;4;no;yes;NA;NA;NA;no;3;NA
Salix_purpurea;L.;PL;Salipurp;Salix_purpurea;s;wood;N,P;NA;NA;NA;8;x;x;yes;no;NA;NA;NA;no;3;NA
Sambucus_nigra;L.;PL;Sambnigr;Sambucus_nigra;s;wood;N;NA;NA;NA;7;5;9;no;no;NA;NA;NA;no;1;NA
Shrub_1;na;PL;Shrub1;Shrub_1;s;wood;NA;NA;NA;NA;NA;NA;NA;no;no;NA;NA;NA;NA;1;NA
Shrub_2;na;PL;Shrub2;Shrub_2;s;wood;NA;NA;NA;NA;NA;NA;NA;no;no;NA;NA;NA;NA;1;NA
Ulmus_glabra;Huds.;PL;Ulmuglab;Ulmus_glabra;s;wood;P;NA;NA;NA;4;6;7;no;no;NA;NA;NA;no;4;NA
Viburnum_lantana;L.;PL;Vibulant;Viburnum_lantana;s;wood;N;NA;NA;NA;7;4;4;no;no;NA;NA;NA;no;9;NA
Acer_pseudoplatanus;L.;PL;Acerpseu;Acer_pseudoplatanus;h;wood;P;264;27,5;44,8;4;6;7;no;no;NA;NA;NA;no;10;84340
Aconitum_lycoctonum;L.;PL;Aconalti;Aconitum_lycoctonum;h;perannual;H;140;NA;NA;3;7;8;no;no;BG;NA;NA;no;1;NA
Aegopodium_podagraria;L.;PL;Aegopoda;Aegopodium_podagraria;h;perannual;G,H;246;0,58;1,54;5;6;8;no;no;NA;NA;NA;no;16;35310
Agrostis_gigantea;Roth;PL;Agrogiga;Agrostis_gigantea;h;perannual;H;241.17;0,98;0,09;7;8;6;no;no;NA;NA;NA;no;1;54000
Agrostis_stolonifera_agg;na;PL;Agrostol;Agrostis_stolonifera;h;perannual;H;265.5;NA;0,05;8;7;5;no;yes;NA;NA;NA;no;1;38100
Alnus_incana;(L.) Moench;PL;Alnuinca;Alnus_incana;h;wood;P;213.84;14;0,55;6;7;x;yes;no;NA;NA;NA;no;13;84330
Angelica_sylvestris;L.;PL;Angesylv;Angelica_sylvestris;h;perannual;H;220;0,9;2,96;7;8;4;no;no;NA;NA;NA;no;4;54100
Aquilegia_atrata;Koch;PL;Aquisylv;Aquilegia_atrata;h;perannual;H;NA;0,4;1,48;6;4;3;no;yes;BG;NA;NA;no;1;71110
Asarum_europaeum;L.;PL;Asareuro;Asarum_europaeum;h;perannual;H,G;142.81;0,08;3,44;3;5;6;no;no;NA;NA;NA;no;15;84300
Brachypodium_sylvaticum;(Huds.) P.Beauv.;PL;Bracsylv;Brachypodium_sylvaticum;h;perannual;H;309.94;0,83;3,94;3;5;6;no;no;NA;NA;NA;no;4;84000
Calamagrostis_epigejos;(L.) Roth;PL;Calaepig;Calamagrostis_epigejos;h;perannual;G,H;395;1;0,07;7;x;6;no;yes;NA;NA;NA;no;7;NA
Calamagrostis_varia;(Schrad.) Host;PL;Calavari;Calamagrostis_varia;h;perannual;H;NA;0,63;0,12;7;5;3;no;yes;NA;NA;NA;no;1;NA
Cardamine_impatiens;L.;PL;Cardimpa;Cardamine_impatiens;h;perannual_annual;H,T;311;0,4;0,3;5;6;8;no;no;NA;NA;NA;no;4;35320
Cardamine_trifolia;L.;PL;Cardtrif;Cardamine_trifolia;h;perannual;G;NA;0,18;1,64;3;6;7;no;no;NA;NA;NA;no;4;84315
Carduus_personata;(L.) Jacq.;PL;Cardpers;Carduus_personata;h;perannual;H;NA;0,83;1,8;7;8;8;no;no;NA;NA;NA;no;5;NA
Carex_acutiformis;Ehrh.;PL;Careacut;Carex_acutiformis;h;perannual;G,A;333.43;0,75;1,11;7;9;5;no;yes;NA;NA;NA;no;12;NA
Carex_alba;Scop.;PL;Carealba;Carex_alba;h;perannual;G,H;363.16;0,1;2,83;5;4;2;no;no;NA;NA;NA;no;7;71110
Carex_brizoides;L.;PL;Carebriz;Carex_brizoides;h;perannual;H,G;406.9;0,5;0,29;6;6;3;no;yes;NA;NA;NA;no;1;NA
Carex_digitata;L.;PL;Caredigi;Carex_digitata;h;perannual;H;274.16;0,1;1,45;3;5;4;no;no;NA;NA;NA;no;2;84000
Carex_flacca;Schreb.;PL;Careflac;Carex_flacca;h;perannual;G;332.1;0,28;0,07;7;6;4;no;yes;NA;NA;NA;no;1;NA
Carex_ornithopoda_sstr;Willd.;PL;Careorni;Carex_ornithopoda;h;perannual;H;275;0,04;NA;6;3;3;no;no;NA;NA;NA;no;3;NA
Carex_paniculata;L.;PL;Carepani;Carex_paniculata;h;perannual;H;295.4;0,53;0,78;7;9;4;no;no;NA;NA;NA;no;1;15140
Carex_pendula;Huds.;PL;Carepend;Carex_pendula;h;perannual;H;301.5;0,5;0,75;5;8;6;no;no;NA;NA;NA;no;3;84330
Carex_sylvatica;Huds.;PL;Caresylv;Carex_sylvatica;h;perannual;H;324;0,43;1,65;2;5;5;no;no;NA;NA;NA;no;3;84300
Chaerophyllum_hirsutum_sstr;L.;PL;Chaehirs;Chaerophyllum_hirsutum;h;perannual;H;133.87;0,58;3,33;6;8;7;no;no;NA;NA;NA;no;2;54100
Cicuta_virosa;L.;PL;Cicuviro;Cicuta_virosa;h;perannual;H;115.32;0,83;1,86;7;9;5;yes;no;NA;3;2;no;1;15111
Cirsium_arvense;(L.) Scop.;PL;Cirsarve;Cirsium_arvense;h;perannual;G;153;0,86;1,24;8;x;7;no;no;NA;NA;NA;no;4;30000
Cirsium_oleraceum;(L.) Scop.;PL;Cirsoler;Cirsium_oleraceum;h;perannual;H;142.83;0,8;2,54;6;7;5;no;no;NA;NA;NA;no;8;54150
Clematis_vitalba;L.;PL;Clemvita;Clematis_vitalba;h;wood;Pli;237;20;2,76;7;5;7;no;no;NA;NA;NA;no;2;84400
Convallaria_majalis;L.;PL;Convmaja;Convallaria_majalis;h;perannual;G;221.5;0,15;17;5;4;4;no;no;NA;NA;NA;no;1;84000
Cornus_sanguinea;L.;PL;Cornsang;Cornus_sanguinea;h;wood;N;255;3;55,2;7;5;x;no;no;NA;NA;NA;no;12;84400
Corydalis_cava;(L.) Schweigg. & Körte;PL;Corycava;Corydalis_cava;h;perannual;G;141.05;0,16;11,8;3;6;8;no;no;NA;NA;NA;no;7;84300
Crataegus_monogyna;Jacq.;PL;Cratmono;Crataegus_monogyna;h;wood;N,P;308;4;104,62;7;4;4;no;no;NA;NA;NA;no;12;84400
Dactylis_glomerata;L.;PL;Dactyglom;Dactylis_glomerata;h;perannual;H;262;0,45;0,98;7;5;6;no;no;NA;NA;NA;no;1;NA
Daphne_mezereum;L.;PL;Daphmeze;Daphne_mezereum;h;wood;N,Z;186.5;0,78;43,9;4;5;5;no;no;BG;NA;NA;no;2;84300
Deschampsia_cespitosa;(L.) P.Beauv.;PL;Desccesp;Deschampsia_cespitosa;h;perannual;H;349.2;0,27;0,2;6;7;3;no;yes;NA;NA;NA;no;14;NA
Dipsacus_pilosus;L.;PL;Dipspilo;Dipsacus_pilosus;h;perannual;H;172.94;0,6;5,11;7;6;7;no;yes;NA;NA;3;no;1;35320
Dryopteris_carthusiana;(Vill.) H.P. Fuchs;PL;Dryocart;Dryopteris_carthusiana;h;perannual;H;275.39;0,38;NA;5;x;3;no;no;NA;NA;NA;no;1;NA
Equisetum_arvense;L.;PL;Equiarve;Equisetum_arvense;h;perannual;G;237.81;0,33;NA;6;x;3;no;yes;NA;NA;NA;no;9;NA
Equisetum_hyemale;L.;PL;Equihyem;Equisetum_hyemale;h;perannual;C;154.2;0,95;NA;5;7;6;no;yes;NA;NA;NA;no;4;84330
Eupatorium_cannabinum;L.;PL;Eupacann;Eupatorium_cannabinum;h;perannual;H;202;1;0,34;7;7;8;no;no;NA;NA;NA;no;15;35210
Fagus_sylvatica;L.;PL;Fagusylv;Fagus_sylvatica;h;wood;P;305;32,5;158;3;5;x;no;no;NA;NA;NA;no;1;84300
Festuca_gigantea;(L.) Vill.;PL;Festgiga;Festuca_gigantea;h;perannual;H;216;0,98;2,88;4;7;6;no;no;NA;NA;NA;no;1;84330
Filipendula_ulmaria;(L.) Maxim.;PL;Filiulma;Filipendula_ulmaria;h;perannual;H;391;0,88;0,71;7;8;5;no;no;NA;NA;NA;no;11;54120
Fraxinus_excelsior;L.;PL;Fraxexce;Fraxinus_excelsior;h;wood;P;257;25;60,89;4;x;7;no;no;NA;NA;NA;no;12;84300
Galium_aparine;L.;PL;Galiapar;Galium_aparine;h;annual;Tli;135;0,68;9,54;7;x;8;no;no;NA;NA;NA;no;2;35000
Galium_mollugo_agg;na;PL;Galimoll;Galium_mollugo;h;perannual;H;166;0,5;0,71;7;4;?;no;no;NA;NA;NA;no;10;NA
Geranium_phaeum;L.;PL;Geraphae;Geranium_phaeum;h;perannual;H;152.19;0,43;NA;6;5;5;no;no;NA;NA;NA;no;1;61110
Geranium_robertianum;L.;PL;Gerarobe;Geranium_robertianum;h;perannual_annual;T,H;186;0,25;1,51;5;x;7;no;no;NA;NA;NA;no;2;35320
Geum_urbanum;L.;PL;Geumurba;Geum_urbanum;h;perannual;H;302;0,4;2,45;4;5;7;no;no;NA;NA;NA;no;2;84300
Glechoma_hederacea;L.;PL;Glechede;Glechoma_hederacea;h;perannual;G,H;160;0,2;0,68;6;6;7;no;no;NA;NA;NA;no;6;35300
Gymnadenia_odoratissima;(L.) Rich.;PL;Gymnodor;Gymnadenia_odoratissima;h;perannual;G;115.06;0,15;NA;6;4;2;no;yes;BG;3;NA;no;2;71110
Holcus_lanatus;L.;PL;Holclana;Holcus_lanatus;h;perannual;H;232;0,33;0,4;7;6;5;no;no;NA;NA;NA;no;10;54000
Holcus_mollis;L.;PL;Holcmoll;Holcus_mollis;h;perannual;G,H;216;0,28;0,33;5;5;3;no;no;NA;NA;NA;no;1;84111
Humulus_lupulus;L.;PL;Humulupu;Humulus_lupulus;h;perannual;Hli;292.5;NA;4,23;7;8;8;yes;no;NA;NA;NA;no;4;80000
Hypericum_hirsutum;L.;PL;Hypehirs;Hypericum_hirsutum;h;perannual;H;275.5;0,63;0,09;7;5;7;no;no;NA;NA;NA;no;3;62120
Hypericum_montanum;L.;PL;Hypemont;Hypericum_montanum;h;perannual;H;274;0,35;0,06;5;4;3;no;no;NA;NA;NA;no;2;84200
Hypericum_tetrapterum;Fr.;PL;Hypetetr;Hypericum_tetrapterum;h;perannual;H;198.5;0,43;0,04;7;8;5;yes;no;NA;V;NA;no;2;54120
Impatiens_glandulifera;Royle;PL;Impaglan;Impatiens_glandulifera;h;annual;T;137;1,5;13,77;5;8;7;yes;no;NA;NA;NA;yes;3;35200
Impatiens_noli-tangere;L.;PL;Impanoli;Impatiens_noli-tangere;h;annual;T;155;0,4;6,17;4;7;6;no;no;NA;NA;NA;no;1;84330
Knautia_dipsacifolia;Kreutzer;PL;Knaudips;Knautia_dipsacifolia;h;perannual;H;NA;0,4;5,13;5;6;6;no;no;NA;NA;NA;no;3;61110
Lamium_maculatum;(L.) L.;PL;Lamimacu;Lamium_maculatum;h;perannual;H;206;0,38;1,8;5;6;8;no;no;NA;NA;NA;no;4;35210
Lathyrus_pratensis;L.;PL;Lathprat;Lathyrus_pratensis;h;perannual;Hli;276;0,65;13,27;7;6;6;no;no;NA;NA;NA;no;5;54000
Leucanthemum_vulgare;(Vaill.) Lam.;PL;Leucvulg;Leucanthemum_vulgare;h;perannual;H;124;0,36;0,41;7;4;3;no;no;NA;NA;NA;no;1;54200
Ligustrum_vulgare;L.;PL;Liguvulg;Ligustrum_vulgare;h;wood;N;273;3;15,63;7;4;3;no;no;NA;NA;NA;no;4;84400
Lonicera_xylosteum;L.;PL;Lonixylo;Lonicera_xylosteum;h;wood;N;NA;1,5;6,01;5;5;6;no;no;NA;NA;NA;no;9;84000
Lycopus_europaeus;L.;PL;Lycoeuro;Lycopus_europaeus;h;perannual;H,A;103.92;0,65;0,23;7;9;7;yes;no;NA;NA;NA;no;1;15000
Lysimachia_vulgaris;L.;PL;Lysivulg;Lysimachia_vulgaris;h;perannual;H;198;0,97;0,35;6;8;x;no;yes;NA;NA;NA;no;2;NA
Melica_nutans;L.;PL;Melinuta;Melica_nutans;h;perannual;G,H;340;0,23;2,03;4;4;3;no;yes;NA;NA;NA;no;4;84000
Mentha_aquatica;L.;PL;Mentaqua;Mentha_aquatica;h;perannual;H,A;179;0,48;0,14;7;9;5;yes;no;NA;NA;NA;no;5;15100
Mentha_aquatica_x_spicata;na;PL;Menthaaqxsp;Mentha_aquatica_x_spicata;h;NA;NA;NA;NA;NA;NA;NA;NA;no;no;NA;NA;NA;NA;1;NA
Mercurialis_perennis;L.;PL;Mercpere;Mercurialis_perennis;h;perannual;G,H;224.5;0,23;2,17;2;x;7;no;no;NA;NA;NA;no;15;84300
Molinia_arundinacea;Schrank;RM;Moliarun;Molinia_arundinacea;h;perannual;H;NA;0,79;NA;7;x;3;no;yes;NA;NA;NA;no;2;NA
Molinia_caerulea;(L.) Moench;PL;Molicaer;Molinia_caerulea;h;perannual;H;380.21;NA;0,7;7;7;2;no;no;NA;NA;NA;no;1;NA
Myosotis_scorpioides;L.;PL;Myosscor;Myosotis_scorpioides;h;perannual;H;147;0,3;0,3;7;8;5;no;yes;NA;NA;NA;no;1;54150
Neottia_ovata;(L.) R.Br.;PL;Listovat;Neottia_ovata;h;perannual;G;119;0,14;NA;6;6;7;no;yes;BG;NA;NA;no;1;NA
Petasites_hybridus;"(L.) ""G. Gaertn., B. Mey. & Scherb.""";PL;Petahypr;Petasites_hybridus;h;perannual;G,H;201.5;0,58;0,24;7;8;8;yes;no;NA;NA;NA;no;2;35310
Phalaris_arundinacea;L.;PL;Phalarun;Phalaris_arundinacea;h;perannual;G,H;263;1,45;0,67;7;8;7;no;yes;NA;NA;NA;no;12;15100
Phragmites_australis;(Cav.) Trin. Ex Steud.;PL;Phraaust;Phragmites_australis;h;perannual;G,A;428.69;2,5;0,14;7;10;7;no;no;NA;NA;NA;no;2;15110
Picea_abies;(L.) H.Karst.;PL;Piceabie;Picea_abies;h;wood;P;NA;50;7,15;5;x;x;no;no;NA;NA;NA;no;8;73100
Pimpinella_major;(L.) Huds.;PL;Pimpmajo;Pimpinella_major;h;perannual;H;207;0,63;2,12;7;5;6;no;no;NA;NA;NA;no;1;54210
Pleurospermum_austriacum;(L.) Hoffm.;PL;Pleuaust;Pleurospermum_austriacum;h;perannual;H;NA;0,83;4,21;5;6;4;no;yes;NA;NA;NA;no;2;61100
Poa_compressa;L.;PL;Poacomp;Poa_compressa;h;perannual;H;299;0,38;0,2;9;3;3;no;no;NA;NA;NA;no;1;36100
Poa_palustris;L.;PL;Poapalu;Poa_palustris;h;perannual;H;334.45;0,82;0,17;7;9;7;yes;no;NA;NA;NA;no;2;15100
Potentilla_neumanniana;Rchb.;PL;Poteneum;Potentilla_neumanniana;h;perannual;H;315;0,1;0,62;8;3;2;no;no;NA;NA;NA;no;1;53000
Primula_elatior;(L.) Hill;PL;Primelat;Primula_elatior;h;perannual;H;139.32;0,1;0,34;6;6;7;no;no;NA;NA;NA;no;1;NA
Prunella_vulgaris;L.;PL;Prunvulg;Prunella_vulgaris;h;perannual;H;165;0,15;0,67;7;5;x;no;no;NA;NA;NA;no;1;54000
Prunus_padus;L.;PL;Prunpadu;Prunus_padus;h;wood;P,N;153.73;9;80,5;5;8;6;yes;no;NA;NA;NA;no;5;84330
Pulmonaria_officinalis;L.;PL;Pulmoffi;Pulmonaria_officinalis;h;perannual;H;114.2;0,15;3,64;5;5;6;no;no;NA;NA;NA;no;8;84300
Quercus_robur;L.;PL;Querrobu;Quercus_robur;h;wood;P;280;40;3413;7;x;x;no;no;NA;NA;NA;no;4;84000
Ranunculus_repens;L.;PL;Ranurepe;Ranunculus_repens;h;perannual;H;190.56;0,2;2,28;6;7;7;no;yes;NA;NA;NA;no;1;NA
Rosa_canina;L.;PL;Rosacani;Rosa_canina;h;wood;N;NA;2;16,01;8;4;x;no;no;NA;NA;NA;no;1;84400
Rubus_caesius;L.;PL;Rubucaes;Rubus_caesius;h;perannual;zli;408;0,48;3,63;6;x;7;no;no;NA;NA;NA;no;16;NA
Rubus_idaeus;L.;PL;Rubuidae;Rubus_idaeus;h;perannual;n;283.73;1,3;1,8;7;x;6;no;no;NA;NA;NA;no;1;NA
Salix_alba;L.;PL;Salialba;Salix_alba;h;wood;P;298.62;17,5;0,12;5;8;7;yes;no;NA;NA;NA;no;1;81120
Salix_eleagnos;Scop.;PL;Salielea;Salix_eleagnos;h;wood;N;NA;NA;NA;7;7;4;no;yes;NA;NA;NA;no;1;81110
Salvia_glutinosa;L.;PL;Salvglut;Salvia_glutinosa;h;perannual;H;102.89;0,48;4,36;4;6;7;no;no;NA;NA;NA;no;1;84300
Scirpus_sylvaticus;L.;PL;Scirsylv;Scirpus_sylvaticus;h;perannual;G;215.51;0,78;0,11;6;8;4;no;no;NA;NA;NA;no;1;54150
Scrophularia_nodosa;L.;PL;Scronodo;Scrophularia_nodosa;h;perannual;H;182;0,6;0,09;4;6;7;no;no;NA;NA;NA;no;1;84300
Scutellaria_galericulata;L.;PL;Scutgale;Scutellaria_galericulata;h;perannual;H;227.13;0,25;0,7;7;9;6;yes;no;NA;NA;NA;no;1;15140
Senecio_ovatus;Willd.;PL;Seneovat;Senecio_ovatus;h;perannual;H;NA;NA;NA;7;5;8;no;no;NA;NA;NA;no;2;62130
Solidago_gigantea;Aiton;PL;Soligiga;Solidago_gigantea;h;perannual;H,G;308;1,38;0,06;8;6;7;no;no;NA;NA;NA;yes;9;35000
Stachys_sylvatica;L.;PL;Stacsylv;Stachys_sylvatica;h;perannual;H;207;0,53;1,42;4;7;7;no;no;NA;NA;NA;no;14;84330
Symphytum_officinale;L.;PL;Sympoffi;Symphytum_officinale;h;perannual;H,G;81.73;0,65;8,32;7;7;8;no;no;NA;NA;NA;no;3;NA
Thalictrum_aquilegiifolium;L.;PL;Thalaqui;Thalictrum_aquilegiifolium;h;perannual;H;205.36;0,68;2;5;8;7;yes;no;NA;V;NA;no;2;84330
Ulmus_glabra;Huds.;PL;Ulmuglab;Ulmus_glabra;h;wood;P;254;30;11,2;4;6;7;no;no;NA;NA;NA;no;2;84340
Urtica_dioica;L.;PL;Urtidioi;Urtica_dioica;h;perannual;H;212.5;0,9;0,18;x;6;9;no;no;NA;NA;NA;no;2;35000
Valeriana_dioica;L.;PL;Valedioi;Valeriana_dioica;h;perannual;H;160;0,17;0,63;7;8;2;no;no;NA;V;NA;no;4;54100
Valeriana_excelsa_subsp_excelsa;Poir.;RM;Valeexce;Valeriana_excelsa_subsp_excelsa;h;perannual;H;NA;NA;NA;7;8;6;yes;no;NA;NA;NA;no;6;NA
Valeriana_officinalis;L.;PL;Valeoffi;Valeriana_officinalis;h;perannual;H;140;0,53;0,96;7;8;5;no;yes;NA;NA;NA;no;1;54120
Viburnum_lantana;L.;PL;Vibulant;Viburnum_lantana;h;wood;N;234.9;3,5;31,02;7;4;4;no;no;NA;NA;NA;no;5;84410
Vicia_cracca_sstr;L.;PL;Vicicracc;Vicia_cracca;h;perannual;Hli;219.5;0,75;14,29;7;6;x;no;no;NA;NA;NA;no;3;54000
Vinca_minor;L.;PL;Vincmino;Vinca_minor;h;perannual;C;195;0,59;6,13;4;5;6;no;no;NA;NA;NA;no;4;84320
Viola_odorata;L.;PL;Violodor;Viola_odorata;h;perannual;H;220;0,24;3,28;5;5;8;no;no;NA;NA;NA;no;2;35300
Carex SU3;NA;PL;NA;NA;h;NA;NA;NA;NA;NA;NA;NA;NA;no;no;NA;NA;NA;NA;1;
;;PL;;;;;;;;;;;;;;;;;;;
